Order ID,Line Number,Product Name,Quantity,Unit Price,Total Line Price
1,1,Wear Simple,6,23.01,138.04
1,2,Water Song,5,42.84,214.21
2,1,Family Trade,2,33.1,66.2
2,2,Modern Skill,3,25.77,77.3
2,3,Over Some,4,29.74,118.96
3,1,Add Significant,3,12.54,37.62
3,2,Bad Seem,8,19.04,152.3
3,3,Special Order,1,28.13,28.13
3,4,Especially Shoulder,10,7.68,76.8
4,1,Each Close,7,32.39,226.76
4,2,Go Food,1,15.09,15.09
4,3,Wide Cup,7,28.82,201.77
4,4,Order Officer,1,31.97,31.97
5,1,News Nothing,5,8.86,44.31
5,2,Artist Think,1,16.43,16.43
5,3,Doctor Certainly,5,15.9,79.52
5,4,Discussion Blood,7,8.37,58.56
5,5,Throughout Would,9,13.87,124.86
6,1,Budget Positive,5,2.61,13.07
6,2,Husband Surface,5,4.89,24.44
7,1,Generation Couple,9,15.94,143.45
7,2,While Around,1,26.58,26.58
7,3,Sister Team,3,33.14,99.43
7,4,Total People,5,9.07,45.34
8,1,Real City,2,6.24,12.47
8,2,Five Top,6,36.3,217.83
9,1,Huge Station,5,4.44,22.18
9,2,Specific Finally,7,8.17,57.2
9,3,Somebody Wish,6,3.44,20.61
9,4,Phone Significant,5,2.6,13.0
10,1,Today Worry,10,4.29,42.9
10,2,Seem Past,6,18.36,110.14
10,3,Per Must,4,16.7,66.8
10,4,Should Because,5,31.87,159.37
11,1,Drop Can,5,31.01,155.06
11,2,Factor Same,8,3.37,26.95
11,3,Worker Few,1,15.72,15.72
12,1,Subject Space,9,5.18,46.66
12,2,Room Difficult,4,5.04,20.18
12,3,Model Pretty,9,11.28,101.56
12,4,Owner Ahead,10,6.12,61.25
13,1,Movie Matter,9,17.88,160.93
13,2,Hair Item,2,5.52,11.05
13,3,Administration Should,6,8.63,51.79
13,4,Present Once,10,16.0,159.96
13,5,Sing Including,8,10.76,86.06
14,1,Region Simple,5,86.32,431.58
15,1,Or Again,3,15.56,46.69
15,2,Crime Some,5,16.55,82.74
15,3,Three Whose,6,11.21,67.25
15,4,Big Population,8,14.5,116.04
16,1,Buy Behind,1,10.35,10.35
16,2,Beat Value,4,8.53,34.11
16,3,Soon Carry,8,2.8,22.42
16,4,Central Sort,2,16.62,33.24
16,5,From Road,3,8.9,26.71
17,1,Step Into,6,57.11,342.64
18,1,Character Morning,2,26.82,53.63
18,2,Table Them,4,24.5,97.99
18,3,Yet Edge,7,31.09,217.64
18,4,Money Month,6,9.61,57.65
19,1,More Most,8,14.98,119.82
19,2,Crime Suffer,6,11.03,66.16
20,1,Know Similar,9,17.01,153.1
20,2,Look Eight,10,10.69,106.9
20,3,Job Yeah,1,7.71,7.71
20,4,Including Down,8,2.07,16.59
20,5,Health Agent,8,9.15,73.19
21,1,By Face,5,18.11,90.57
21,2,Several Paper,6,7.68,46.05
21,3,Several Recognize,10,2.58,25.79
21,4,Mention Single,8,13.4,107.2
21,5,Attention Impact,7,2.42,16.97
22,1,School Too,7,4.61,32.28
22,2,Case Born,10,14.87,148.66
23,1,When Describe,7,34.24,239.69
24,1,Wonder Give,7,48.88,342.19
25,1,Executive All,3,1.39,4.17
25,2,Bring Baby,3,16.18,48.53
25,3,World Before,1,19.75,19.75
26,1,Crime Beautiful,9,23.14,208.24
26,2,Vote People,8,6.41,51.28
27,1,Law Senior,4,20.23,80.92
27,2,Same Run,4,39.32,157.26
27,3,Situation Agree,4,43.59,174.36
28,1,Natural Poor,3,143.76,431.29
29,1,Surface Degree,9,15.27,137.44
30,1,Address Prepare,1,376.6,376.6
31,1,Might Candidate,8,0.91,7.25
31,2,Ability Major,10,0.47,4.72
31,3,Toward Everybody,9,1.36,12.28
32,1,Wear Direction,10,29.02,290.16
32,2,Republican Individual,8,24.18,193.4
33,1,Hotel View,8,6.14,49.12
33,2,Street Cell,8,7.11,56.89
33,3,Six Fast,6,18.53,111.2
33,4,Image Often,1,13.64,13.64
34,1,Deal Able,2,195.16,390.32
35,1,Trade Situation,8,3.26,26.09
35,2,Say Item,7,14.64,102.45
35,3,Ago Side,9,10.18,91.66
36,1,Consumer Eight,8,25.17,201.39
37,1,Republican Account,5,3.63,18.17
37,2,Lay Ground,5,18.75,93.76
37,3,Several Dog,4,15.47,61.89
37,4,Amount Thus,10,18.26,182.59
38,1,Charge Race,8,42.51,340.06
38,2,Seek Look,9,6.33,56.93
38,3,Enter Ok,3,17.54,52.63
38,4,Develop Owner,1,19.84,19.84
39,1,Shake Method,3,95.36,286.07
39,2,Book Arm,2,90.64,181.29
40,1,Run Serious,1,11.62,11.62
40,2,Care At,3,10.27,30.81
40,3,Nation Land,8,3.29,26.35
41,1,Author North,10,31.8,318.0
41,2,Share Station,1,30.16,30.16
41,3,Get Research,1,6.3,6.3
42,1,Unit Lawyer,2,9.43,18.85
42,2,Believe East,2,6.62,13.25
42,3,Control Process,9,8.72,78.52
43,1,You Inside,3,29.87,89.6
43,2,Including Officer,2,3.36,6.71
43,3,Find Hospital,9,22.18,199.61
43,4,Then Official,3,24.31,72.92
43,5,Western Everything,6,13.13,78.77
44,1,Firm Shake,8,41.77,334.17
44,2,Experience Affect,5,14.61,73.06
44,3,Skill Defense,3,30.77,92.32
45,1,Hair Tend,7,14.3,100.07
45,2,South Government,6,4.78,28.66
45,3,Various List,2,5.9,11.8
45,4,Heavy Number,10,14.7,147.0
46,1,Tv Shake,3,14.87,44.6
46,2,Baby World,1,3.18,3.18
46,3,Little Laugh,7,11.38,79.68
46,4,Truth All,4,7.49,29.96
46,5,Religious Modern,10,12.5,124.95
47,1,Art Those,5,11.73,58.65
47,2,Thought Spring,5,2.57,12.87
47,3,Mrs Foreign,4,1.28,5.12
47,4,Whatever Task,9,12.03,108.27
47,5,Public Indicate,9,14.52,130.68
48,1,Daughter Measure,1,26.91,26.91
48,2,Western Account,7,2.37,16.61
48,3,Drug Perform,1,3.95,3.95
48,4,Ago Person,9,20.94,188.49
49,1,Detail Statement,10,18.27,182.68
49,2,Picture Whole,5,3.3,16.49
49,3,Note Hotel,4,28.62,114.47
49,4,South Over,2,24.22,48.45
50,1,Before Clearly,1,14.2,14.2
50,2,Include Why,7,5.49,38.4
50,3,Force Protect,1,1.42,1.42
51,1,Sort Door,6,2.64,15.86
51,2,Work Into,2,25.78,51.55
51,3,Third Heart,4,3.68,14.73
51,4,Person Scientist,9,26.15,235.31
52,1,From Technology,3,65.2,195.61
53,1,Well Person,8,16.78,134.24
54,1,Mission American,6,9.88,59.26
54,2,Majority Particularly,2,35.68,71.36
55,1,Religious Discover,9,9.33,83.94
55,2,Beat Likely,2,1.76,3.52
56,1,Building Walk,7,25.59,179.13
56,2,Nothing Fire,5,21.68,108.4
57,1,Process Produce,4,3.05,12.21
57,2,Clear Ok,4,21.99,87.96
58,1,Improve Quickly,5,84.5,422.48
59,1,Political Agency,9,26.75,240.73
60,1,According Brother,3,8.22,24.65
60,2,Risk Worry,6,2.37,14.23
60,3,Discuss Free,10,6.8,67.96
60,4,Notice Discuss,1,4.97,4.97
60,5,Behavior Prepare,8,10.09,80.72
61,1,Need Meet,7,3.68,25.77
61,2,Material Sing,9,3.8,34.21
62,1,Myself Film,6,72.08,432.48
63,1,Human Include,8,58.72,469.74
64,1,Never Area,5,4.63,23.13
64,2,Say Nearly,3,35.62,106.85
64,3,Material Poor,9,17.29,155.58
65,1,Marriage Water,3,20.83,62.49
65,2,Record Approach,10,12.42,124.19
66,1,War On,6,13.1,78.6
67,1,South Whose,3,76.28,228.85
67,2,Something Paper,2,37.52,75.05
68,1,Control Gun,7,13.02,91.14
68,2,Second Administration,8,20.84,166.75
68,3,Mean Pay,6,17.64,105.83
69,1,Resource Program,9,7.6,68.44
69,2,Hair Alone,10,4.53,45.26
69,3,Consider Program,5,8.63,43.14
69,4,Major Choose,9,5.7,51.27
69,5,Specific Government,1,5.23,5.23
70,1,Age Court,3,30.91,92.74
71,1,Story Culture,6,1.54,9.25
71,2,Still Road,7,9.8,68.59
71,3,Per Cost,8,3.31,26.49
71,4,Yes Throughout,7,8.95,62.63
72,1,Upon Take,6,2.17,13.0
72,2,Poor Author,3,8.7,26.09
72,3,Who Risk,10,5.87,58.66
72,4,Between Although,10,4.26,42.65
72,5,Condition Choose,1,3.8,3.8
73,1,Might Value,6,12.28,73.69
73,2,Letter In,5,9.54,47.68
73,3,Prove Probably,10,2.31,23.1
73,4,Himself Rule,5,11.28,56.41
73,5,None National,4,4.75,19.0
74,1,Avoid Let,5,3.42,17.11
74,2,Individual Pay,7,7.59,53.16
74,3,Job Single,10,3.2,31.99
74,4,System Base,6,5.58,33.46
75,1,Show Ago,2,48.48,96.97
75,2,Degree Grow,10,20.77,207.74
76,1,Station Standard,7,4.4,30.79
76,2,Religious Project,6,13.47,80.8
76,3,Fight Instead,4,14.84,59.38
76,4,Environmental Live,3,27.27,81.82
77,1,Commercial Opportunity,9,2.99,26.92
77,2,Artist Voice,4,1.95,7.81
77,3,Story Pretty,3,7.05,21.15
77,4,Responsibility Majority,8,7.29,58.35
77,5,Offer Agreement,8,4.5,36.04
78,1,Him Card,10,29.72,297.25
78,2,Suddenly Hope,9,15.26,137.33
78,3,However Road,2,29.83,59.66
79,1,Time Strategy,7,8.78,61.48
79,2,Through Now,7,11.35,79.48
79,3,Laugh Page,2,21.91,43.82
79,4,Piece Point,3,9.32,27.96
79,5,Project Civil,2,26.76,53.52
80,1,Employee Toward,9,41.65,374.82
80,2,Around Ready,1,41.75,41.75
80,3,Scene Among,1,10.13,10.13
81,1,Surface Be,8,5.29,42.3
81,2,Accept Firm,7,13.87,97.09
82,1,Partner Way,6,3.18,19.06
82,2,Knowledge Major,1,27.07,27.07
82,3,Customer Something,6,8.82,52.9
82,4,Weight Brother,4,13.26,53.05
82,5,Finish Throw,2,28.08,56.17
83,1,Present Than,9,1.35,12.14
83,2,Good Whom,10,2.01,20.1
83,3,Anyone Character,10,2.24,22.39
84,1,Artist Management,6,39.65,237.87
85,1,Town Know,7,13.84,96.87
85,2,Turn Fact,6,9.56,57.33
85,3,Bit Particularly,6,21.18,127.07
85,4,Week Water,2,51.74,103.49
85,5,Pay Again,1,7.27,7.27
86,1,Number Force,3,123.16,369.48
87,1,Leader Low,9,24.7,222.3
87,2,Free Health,3,3.1,9.31
88,1,Billion Property,2,18.27,36.54
88,2,Wait Argue,7,5.02,35.15
88,3,Describe Area,10,17.43,174.27
88,4,Outside Later,2,1.55,3.1
89,1,Entire Follow,5,75.32,376.61
89,2,Kitchen Best,3,37.32,111.97
90,1,All Could,9,8.0,71.97
90,2,Range Style,2,23.38,46.75
90,3,Hotel Dream,8,21.57,172.59
91,1,Health Official,9,13.48,121.3
91,2,Foreign Majority,9,13.12,118.06
91,3,Reality Any,1,3.55,3.55
91,4,Trade Break,3,1.76,5.27
91,5,Focus Same,3,18.5,55.49
92,1,Worker Live,4,7.9,31.6
92,2,Pattern Popular,2,6.08,12.17
93,1,Watch Election,9,8.62,77.62
93,2,Less War,2,7.72,15.44
93,3,Reduce Public,7,5.98,41.84
93,4,What Fund,6,7.74,46.42
93,5,Medical Sea,9,7.4,66.63
94,1,Away Ready,2,2.0,4.0
94,2,Discuss Today,3,2.02,6.06
94,3,Name Media,9,1.74,15.69
94,4,Us Loss,7,0.19,1.32
95,1,Every Term,3,22.76,68.27
95,2,Paper History,4,26.44,105.78
95,3,Officer Need,7,17.81,124.67
95,4,Official Often,5,6.95,34.74
96,1,Seat Detail,10,20.57,205.74
96,2,Loss Shake,1,9.88,9.88
96,3,Energy Less,3,34.11,102.32
97,1,Point Ground,1,28.15,28.15
97,2,Water Investment,1,6.17,6.17
97,3,Send President,2,15.16,30.31
97,4,Data Nor,4,24.9,99.62
97,5,Various Old,4,27.68,110.71
98,1,For Land,10,7.06,70.55
99,1,Because Consumer,3,12.28,36.84
99,2,Use Maintain,1,16.45,16.45
99,3,Marriage Meeting,6,14.84,89.03
100,1,Sound Present,3,41.44,124.32
100,2,Property Think,8,45.99,367.92
